"id","name","birthday","email"
1,"Patrice","2000-01-30","pwloch0@tiny.cc"
2,"Patti","1992-06-18","pyanele1@seattletimes.com"
3,"Nealson","1997-02-25","nmarr2@wikispaces.com"
4,"Tandie","1998-08-06","tdmytryk3@xing.com"
6,"Manfred","1992-08-22","mpumphreys5@prnewswire.com"
7,"Dael","1999-06-01","dvreiberg6@nationalgeographic.com"
8,"Celia","1990-11-22","ccatherall7@irs.gov"
9,"Forrester","1990-08-12","fbestall8@netvibes.com"
11,"Terrell","1992-12-28","tluxona@pbs.org"
12,"Alonso","1993-08-09","aeltringhamb@statcounter.com"
13,"Odell","1997-06-01","olewcockc@a8.net"
14,"Franky","1991-08-11","fmartinecd@ehow.com"
15,"Gloriane","1990-04-29","gresidee@facebook.com"
16,"Brade","1998-01-02","bbrussellf@time.com"
17,"Cicely","1998-12-19","cmcgahyg@kickstarter.com"
18,"Donnie","1999-08-21","dovanesianh@nature.com"
19,"Francois","1994-11-20","fdrewetti@163.com"
20,"Alaric","1995-11-12","arennlesj@dell.com"
21,"Salomi","1995-08-28","slummisk@youtu.be"
22,"Milka","1992-12-04","mcheccuccil@mtv.com"
23,"Milly","1991-11-26","mgouldingm@hostgator.com"
24,"Wilhelmina","1997-11-02","wpedleyn@yellowpages.com"
25,"Rozelle","1995-03-31","rarnlio@house.gov"
26,"Sibbie","1999-04-19","sdedantesiep@princeton.edu"
27,"Gilberte","1996-01-05","gwestmerlandq@yelp.com"
28,"Currie","1991-12-03","cwotherspoonr@ed.gov"
29,"Quintin","1997-01-18","qgranges@hubpages.com"
30,"Reiko","1999-10-23","rkuhnelt@parallels.com"
31,"Tripp","1999-03-31","tgummeru@lulu.com"
32,"Elonore","1997-04-29","ejoirev@altervista.org"
33,"Joline","1998-11-28","jselkirkw@biglobe.ne.jp"
34,"Michele","1990-10-29","mdavidowskyx@usatoday.com"
35,"Kalie","1997-01-10","kabsolony@berkeley.edu"
36,"Andrew","1994-06-24","amedlicottz@economist.com"
37,"Shir","1993-05-20","slewer10@sina.com.cn"
38,"Debi","1990-12-10","damdohr11@blogtalkradio.com"
39,"Imojean","1990-05-27","iibotson12@nba.com"
40,"Lynda","1996-12-03","lgiacomello13@rambler.ru"
41,"Janot","1997-07-16","jdono14@alexa.com"
42,"Maggi","1997-04-21","mspeere15@themeforest.net"
43,"Ericha","1998-03-03","ekuschke16@etsy.com"
44,"Boigie","1999-09-12","bbootell17@theatlantic.com"
45,"Daphne","1992-08-04","dmallon18@cnet.com"
46,"Edgar","1996-08-17","ewhatham19@thetimes.co.uk"
47,"Verna",NULL,NULL
48,"Letitia","1997-02-17","lmacgiany1b@statcounter.com"
49,"Traci","1994-10-22","tberrisford1c@prnewswire.com"
50,"Joannes","1992-02-10","jbinks1d@gmpg.org"
5,"Anıl","2000-03-04","anıl@gmail.com"
10,"Ayse","1994-04-19","ayse@gmail.com"
